Country,Code,Year,Nuclear_Pct
Austria,AUT,1965,0
Austria,AUT,1966,0
Austria,AUT,1967,0
Austria,AUT,1968,0
Austria,AUT,1969,0
Austria,AUT,1970,0
Austria,AUT,1971,0
Austria,AUT,1972,0
Austria,AUT,1973,0
Austria,AUT,1974,0
Austria,AUT,1975,0
Austria,AUT,1976,0
Austria,AUT,1977,0
Austria,AUT,1978,0
Austria,AUT,1979,0
Austria,AUT,1980,0
Austria,AUT,1981,0
Austria,AUT,1982,0
Austria,AUT,1983,0
Austria,AUT,1984,0
Austria,AUT,1985,0
Austria,AUT,1986,0
Austria,AUT,1987,0
Austria,AUT,1988,0
Austria,AUT,1989,0
Austria,AUT,1990,0
Austria,AUT,1991,0
Austria,AUT,1992,0
Austria,AUT,1993,0
Austria,AUT,1994,0
Austria,AUT,1995,0
Austria,AUT,1996,0
Austria,AUT,1997,0
Austria,AUT,1998,0
Austria,AUT,1999,0
Austria,AUT,2000,0
Austria,AUT,2001,0
Austria,AUT,2002,0
Austria,AUT,2003,0
Austria,AUT,2004,0
Austria,AUT,2005,0
Austria,AUT,2006,0
Austria,AUT,2007,0
Austria,AUT,2008,0
Austria,AUT,2009,0
Austria,AUT,2010,0
Austria,AUT,2011,0
Austria,AUT,2012,0
Austria,AUT,2013,0
Austria,AUT,2014,0
Austria,AUT,2015,0
Austria,AUT,2016,0
Austria,AUT,2017,0
Austria,AUT,2018,0
Austria,AUT,2019,0
Austria,AUT,2020,0
Austria,AUT,2021,0
Austria,AUT,2022,0
Belgium,BEL,1965,0
Belgium,BEL,1966,0.004279176
Belgium,BEL,1967,0.06386287
Belgium,BEL,1968,0.037189946
Belgium,BEL,1969,0.012221684
Belgium,BEL,1970,0.029974239
Belgium,BEL,1971,0
Belgium,BEL,1972,0.005546642
Belgium,BEL,1973,0.0378119
Belgium,BEL,1974,0.07624646
Belgium,BEL,1975,3.7160206
Belgium,BEL,1976,5.181654
Belgium,BEL,1977,6.152732
Belgium,BEL,1978,6.1779966
Belgium,BEL,1979,5.473749
Belgium,BEL,1980,6.28998
Belgium,BEL,1981,6.778338
Belgium,BEL,1982,8.632464
Belgium,BEL,1983,13.708486
Belgium,BEL,1984,15.095815
Belgium,BEL,1985,18.035742
Belgium,BEL,1986,19.899645
Belgium,BEL,1987,20.578224
Belgium,BEL,1988,20.722084
Belgium,BEL,1989,19.670311
Belgium,BEL,1990,19.509747
Belgium,BEL,1991,18.917803
Belgium,BEL,1992,19.221395
Belgium,BEL,1993,18.848497
Belgium,BEL,1994,17.362528
Belgium,BEL,1995,17.459427
Belgium,BEL,1996,17.225065
Belgium,BEL,1997,18.650774
Belgium,BEL,1998,17.81293
Belgium,BEL,1999,19.04926
Belgium,BEL,2000,18.382523
Belgium,BEL,2001,17.732296
Belgium,BEL,2002,18.085253
Belgium,BEL,2003,17.310596
Belgium,BEL,2004,17.110222
Belgium,BEL,2005,17.295948
Belgium,BEL,2006,16.796942
Belgium,BEL,2007,17.139906
Belgium,BEL,2008,15.839842
Belgium,BEL,2009,17.678175
Belgium,BEL,2010,16.69833
Belgium,BEL,2011,17.893238
Belgium,BEL,2012,15.47942
Belgium,BEL,2013,15.8885975
Belgium,BEL,2014,13.461277
Belgium,BEL,2015,10.260129
Belgium,BEL,2016,15.758331
Belgium,BEL,2017,15.059978
Belgium,BEL,2018,10.165352
Belgium,BEL,2019,14.908889
Belgium,BEL,2020,13.068869
Belgium,BEL,2021,17.11372
Belgium,BEL,2022,16.073992
Bulgaria,BGR,1965,0
Bulgaria,BGR,1966,0
Bulgaria,BGR,1967,0
Bulgaria,BGR,1968,0
Bulgaria,BGR,1969,0
Bulgaria,BGR,1970,0
Bulgaria,BGR,1971,0
Bulgaria,BGR,1972,0
Bulgaria,BGR,1973,0
Bulgaria,BGR,1974,1.0970328
Bulgaria,BGR,1975,2.731498
Bulgaria,BGR,1976,5.0377827
Bulgaria,BGR,1977,5.638109
Bulgaria,BGR,1978,5.469179
Bulgaria,BGR,1979,5.5100193
Bulgaria,BGR,1980,5.206458
Bulgaria,BGR,1981,7.8164997
Bulgaria,BGR,1982,8.991337
Bulgaria,BGR,1983,10.2371645
Bulgaria,BGR,1984,10.645422
Bulgaria,BGR,1985,11.060186
Bulgaria,BGR,1986,9.96664
Bulgaria,BGR,1987,10.189973
Bulgaria,BGR,1988,12.835609
Bulgaria,BGR,1989,11.765628
Bulgaria,BGR,1990,12.798168
Bulgaria,BGR,1991,14.218344
Bulgaria,BGR,1992,13.240602
Bulgaria,BGR,1993,15.015017
Bulgaria,BGR,1994,17.127945
Bulgaria,BGR,1995,17.935957
Bulgaria,BGR,1996,18.863354
Bulgaria,BGR,1997,19.582895
Bulgaria,BGR,1998,19.386263
Bulgaria,BGR,1999,20.648235
Bulgaria,BGR,2000,23.714949
Bulgaria,BGR,2001,24.518131
Bulgaria,BGR,2002,25.973707
Bulgaria,BGR,2003,21.330265
Bulgaria,BGR,2004,21.329077
Bulgaria,BGR,2005,21.699072
Bulgaria,BGR,2006,22.10574
Bulgaria,BGR,2007,17.069553
Bulgaria,BGR,2008,18.457743
Bulgaria,BGR,2009,20.218214
Bulgaria,BGR,2010,19.199457
Bulgaria,BGR,2011,19.216732
Bulgaria,BGR,2012,19.438833
Bulgaria,BGR,2013,18.707655
Bulgaria,BGR,2014,19.498186
Bulgaria,BGR,2015,17.692781
Bulgaria,BGR,2016,19.016075
Bulgaria,BGR,2017,18.196228
Bulgaria,BGR,2018,18.70933
Bulgaria,BGR,2019,19.795065
Bulgaria,BGR,2020,21.445946
Bulgaria,BGR,2021,18.661123
Bulgaria,BGR,2022,17.755186
Croatia,HRV,1990,0
Croatia,HRV,1991,0
Croatia,HRV,1992,0
Croatia,HRV,1993,0
Croatia,HRV,1994,0
Croatia,HRV,1995,0
Croatia,HRV,1996,0
Croatia,HRV,1997,0
Croatia,HRV,1998,0
Croatia,HRV,1999,0
Croatia,HRV,2000,0
Croatia,HRV,2001,0
Croatia,HRV,2002,0
Croatia,HRV,2003,0
Croatia,HRV,2004,0
Croatia,HRV,2005,0
Croatia,HRV,2006,0
Croatia,HRV,2007,0
Croatia,HRV,2008,0
Croatia,HRV,2009,0
Croatia,HRV,2010,0
Croatia,HRV,2011,0
Croatia,HRV,2012,0
Croatia,HRV,2013,0
Croatia,HRV,2014,0
Croatia,HRV,2015,0
Croatia,HRV,2016,0
Croatia,HRV,2017,0
Croatia,HRV,2018,0
Croatia,HRV,2019,0
Croatia,HRV,2020,0
Croatia,HRV,2021,0
Croatia,HRV,2022,0
Czechia,CZE,1965,0
Czechia,CZE,1966,0
Czechia,CZE,1967,0
Czechia,CZE,1968,0
Czechia,CZE,1969,0
Czechia,CZE,1970,0
Czechia,CZE,1971,0
Czechia,CZE,1972,0
Czechia,CZE,1973,0
Czechia,CZE,1974,0
Czechia,CZE,1975,0
Czechia,CZE,1976,0
Czechia,CZE,1977,0
Czechia,CZE,1978,0
Czechia,CZE,1979,0
Czechia,CZE,1980,0
Czechia,CZE,1981,0
Czechia,CZE,1982,0
Czechia,CZE,1983,0.09303672
Czechia,CZE,1984,0.5577771
Czechia,CZE,1985,1.0770258
Czechia,CZE,1986,2.7324076
Czechia,CZE,1987,4.648146
Czechia,CZE,1988,5.1101027
Czechia,CZE,1989,5.540292
Czechia,CZE,1990,6.531415
Czechia,CZE,1991,6.91761
Czechia,CZE,1992,7.1969023
Czechia,CZE,1993,7.481126
Czechia,CZE,1994,7.8930864
Czechia,CZE,1995,7.137352
Czechia,CZE,1996,7.2500443
Czechia,CZE,1997,7.35029
Czechia,CZE,1998,7.9852843
Czechia,CZE,1999,8.441378
Czechia,CZE,2000,8.126771
Czechia,CZE,2001,8.568307
Czechia,CZE,2002,10.782364
Czechia,CZE,2003,13.992831
Czechia,CZE,2004,13.791254
Czechia,CZE,2005,13.07551
Czechia,CZE,2006,13.432363
Czechia,CZE,2007,13.560046
Czechia,CZE,2008,13.939386
Czechia,CZE,2009,14.79543
Czechia,CZE,2010,14.512777
Czechia,CZE,2011,14.9149685
Czechia,CZE,2012,15.97545
Czechia,CZE,2013,16.402435
Czechia,CZE,2014,16.425867
Czechia,CZE,2015,14.735261
Czechia,CZE,2016,13.334242
Czechia,CZE,2017,14.752414
Czechia,CZE,2018,15.534045
Czechia,CZE,2019,16.008862
Czechia,CZE,2020,17.10802
Czechia,CZE,2021,16.540333
Czechia,CZE,2022,16.716375
Denmark,DNK,1983,0
Denmark,DNK,1984,0
Denmark,DNK,1985,0
Denmark,DNK,1986,0
Denmark,DNK,1987,0
Denmark,DNK,1988,0
Denmark,DNK,1989,0
Denmark,DNK,1990,0
Denmark,DNK,1991,0
Denmark,DNK,1992,0
Denmark,DNK,1993,0
Denmark,DNK,1994,0
Denmark,DNK,1995,0
Denmark,DNK,1996,0
Denmark,DNK,1997,0
Denmark,DNK,1998,0
Denmark,DNK,1999,0
Denmark,DNK,2000,0
Denmark,DNK,2001,0
Denmark,DNK,2002,0
Denmark,DNK,2003,0
Denmark,DNK,2004,0
Denmark,DNK,2005,0
Denmark,DNK,2006,0
Denmark,DNK,2007,0
Denmark,DNK,2008,0
Denmark,DNK,2009,0
Denmark,DNK,2010,0
Denmark,DNK,2011,0
Denmark,DNK,2012,0
Denmark,DNK,2013,0
Denmark,DNK,2014,0
Denmark,DNK,2015,0
Denmark,DNK,2016,0
Denmark,DNK,2017,0
Denmark,DNK,2018,0
Denmark,DNK,2019,0
Denmark,DNK,2020,0
Denmark,DNK,2021,0
Denmark,DNK,2022,0
Estonia,EST,1985,0
Estonia,EST,1986,0
Estonia,EST,1987,0
Estonia,EST,1988,0
Estonia,EST,1989,0
Estonia,EST,1990,0
Estonia,EST,1991,0
Estonia,EST,1992,0
Estonia,EST,1993,0
Estonia,EST,1994,0
Estonia,EST,1995,0
Estonia,EST,1996,0
Estonia,EST,1997,0
Estonia,EST,1998,0
Estonia,EST,1999,0
Estonia,EST,2000,0
Estonia,EST,2001,0
Estonia,EST,2002,0
Estonia,EST,2003,0
Estonia,EST,2004,0
Estonia,EST,2005,0
Estonia,EST,2006,0
Estonia,EST,2007,0
Estonia,EST,2008,0
Estonia,EST,2009,0
Estonia,EST,2010,0
Estonia,EST,2011,0
Estonia,EST,2012,0
Estonia,EST,2013,0
Estonia,EST,2014,0
Estonia,EST,2015,0
Estonia,EST,2016,0
Estonia,EST,2017,0
Estonia,EST,2018,0
Estonia,EST,2019,0
Estonia,EST,2020,0
Estonia,EST,2021,0
Estonia,EST,2022,0
Finland,FIN,1974,0
Finland,FIN,1975,0
Finland,FIN,1976,0
Finland,FIN,1977,3.1640697
Finland,FIN,1978,3.7396271
Finland,FIN,1979,7.1456394
Finland,FIN,1980,7.4766593
Finland,FIN,1981,15.463504
Finland,FIN,1982,17.912533
Finland,FIN,1983,19.103945
Finland,FIN,1984,19.520845
Finland,FIN,1985,18.794527
Finland,FIN,1986,18.599487
Finland,FIN,1987,18.192064
Finland,FIN,1988,18.225931
Finland,FIN,1989,17.717686
Finland,FIN,1990,16.86802
Finland,FIN,1991,16.738152
Finland,FIN,1992,16.57709
Finland,FIN,1993,17.005762
Finland,FIN,1994,15.792434
Finland,FIN,1995,16.387493
Finland,FIN,1996,15.9041195
Finland,FIN,1997,16.824707
Finland,FIN,1998,17.023794
Finland,FIN,1999,18.252615
Finland,FIN,2000,17.761837
Finland,FIN,2001,17.49802
Finland,FIN,2002,16.933708
Finland,FIN,2003,16.017912
Finland,FIN,2004,15.97308
Finland,FIN,2005,17.883545
Finland,FIN,2006,16.308067
Finland,FIN,2007,16.62915
Finland,FIN,2008,16.799854
Finland,FIN,2009,18.473196
Finland,FIN,2010,16.355463
Finland,FIN,2011,17.541145
Finland,FIN,2012,17.764927
Finland,FIN,2013,18.062222
Finland,FIN,2014,18.585579
Finland,FIN,2015,18.263952
Finland,FIN,2016,17.841534
Finland,FIN,2017,17.542223
Finland,FIN,2018,17.33386
Finland,FIN,2019,18.465342
Finland,FIN,2020,18.742918
Finland,FIN,2021,18.528868
Finland,FIN,2022,19.328007
France,FRA,1965,0.194345
France,FRA,1966,0.29510805
France,FRA,1967,0.41275114
France,FRA,1968,0.581042
France,FRA,1969,0.61525667
France,FRA,1970,0.8986743
France,FRA,1971,1.4119526
France,FRA,1972,2.0658839
France,FRA,1973,1.9235859
France,FRA,1974,1.9531982
France,FRA,1975,2.5719426
France,FRA,1976,2.0891435
France,FRA,1977,2.3443518
France,FRA,1978,3.808715
France,FRA,1979,4.854645
France,FRA,1980,7.53303
France,FRA,1981,13.080229
France,FRA,1982,14.044781
France,FRA,1983,18.15049
France,FRA,1984,23.2767
France,FRA,1985,26.423342
France,FRA,1986,29.239977
France,FRA,1987,29.993069
France,FRA,1988,30.712566
France,FRA,1989,33.45373
France,FRA,1990,33.53118
France,FRA,1991,33.27887
France,FRA,1992,33.709965
France,FRA,1993,36.665623
France,FRA,1994,36.29672
France,FRA,1995,37.15405
France,FRA,1996,37.732853
France,FRA,1997,38.07375
France,FRA,1998,36.515873
France,FRA,1999,36.460148
France,FRA,2000,37.911526
France,FRA,2001,37.739025
France,FRA,2002,39.295826
France,FRA,2003,39.027363
France,FRA,2004,39.088554
France,FRA,2005,39.356525
France,FRA,2006,39.308205
France,FRA,2007,38.83513
France,FRA,2008,38.449413
France,FRA,2009,37.733723
France,FRA,2010,38.073338
France,FRA,2011,40.63009
France,FRA,2012,38.848984
France,FRA,2013,38.098328
France,FRA,2014,40.731968
France,FRA,2015,40.325798
France,FRA,2016,37.59569
France,FRA,2017,37.200516
France,FRA,2018,37.638332
France,FRA,2019,37.02672
France,FRA,2020,36.332573
France,FRA,2021,36.47929
France,FRA,2022,31.647501
Germany,DEU,1965,0.011180748
Germany,DEU,1966,0.02525835
Germany,DEU,1967,0.11705796
Germany,DEU,1968,0.15805675
Germany,DEU,1969,0.40964094
Germany,DEU,1970,0.51029456
Germany,DEU,1971,0.48408723
Germany,DEU,1972,0.71663713
Germany,DEU,1973,0.8614975
Germany,DEU,1974,1.04715
Germany,DEU,1975,1.8193837
Germany,DEU,1976,2.086192
Germany,DEU,1977,2.9212904
Germany,DEU,1978,2.9981933
Germany,DEU,1979,3.3706467
Germany,DEU,1980,3.7208297
Germany,DEU,1981,4.5273995
Germany,DEU,1982,5.3295994
Germany,DEU,1983,5.512114
Germany,DEU,1984,7.103472
Germany,DEU,1985,9.169366
Germany,DEU,1986,8.702531
Germany,DEU,1987,9.371477
Germany,DEU,1988,10.334494
Germany,DEU,1989,10.768156
Germany,DEU,1990,10.320965
Germany,DEU,1991,10.224547
Germany,DEU,1992,11.238698
Germany,DEU,1993,10.91208
Germany,DEU,1994,10.850116
Germany,DEU,1995,11.000846
Germany,DEU,1996,11.168936
Germany,DEU,1997,11.924152
Germany,DEU,1998,11.407574
Germany,DEU,1999,12.170595
Germany,DEU,2000,12.067149
Germany,DEU,2001,11.886486
Germany,DEU,2002,11.508927
Germany,DEU,2003,11.453849
Germany,DEU,2004,11.520799
Germany,DEU,2005,11.305255
Germany,DEU,2006,11.248451
Germany,DEU,2007,9.79398
Germany,DEU,2008,10.196054
Germany,DEU,2009,9.793696
Germany,DEU,2010,9.730883
Germany,DEU,2011,7.702846
Germany,DEU,2012,6.9564095
Germany,DEU,2013,6.5772586
Germany,DEU,2014,6.8050942
Germany,DEU,2015,6.2734694
Germany,DEU,2016,5.6576023
Germany,DEU,2017,5.0072136
Germany,DEU,2018,5.0844984
Germany,DEU,2019,5.1357646
Germany,DEU,2020,4.705826
Germany,DEU,2021,4.890388
Germany,DEU,2022,2.541131
Greece,GRC,1982,0
Greece,GRC,1983,0
Greece,GRC,1984,0
Greece,GRC,1985,0
Greece,GRC,1986,0
Greece,GRC,1987,0
Greece,GRC,1988,0
Greece,GRC,1989,0
Greece,GRC,1990,0
Greece,GRC,1991,0
Greece,GRC,1992,0
Greece,GRC,1993,0
Greece,GRC,1994,0
Greece,GRC,1995,0
Greece,GRC,1996,0
Greece,GRC,1997,0
Greece,GRC,1998,0
Greece,GRC,1999,0
Greece,GRC,2000,0
Greece,GRC,2001,0
Greece,GRC,2002,0
Greece,GRC,2003,0
Greece,GRC,2004,0
Greece,GRC,2005,0
Greece,GRC,2006,0
Greece,GRC,2007,0
Greece,GRC,2008,0
Greece,GRC,2009,0
Greece,GRC,2010,0
Greece,GRC,2011,0
Greece,GRC,2012,0
Greece,GRC,2013,0
Greece,GRC,2014,0
Greece,GRC,2015,0
Greece,GRC,2016,0
Greece,GRC,2017,0
Greece,GRC,2018,0
Greece,GRC,2019,0
Greece,GRC,2020,0
Greece,GRC,2021,0
Greece,GRC,2022,0
Hungary,HUN,1965,0
Hungary,HUN,1966,0
Hungary,HUN,1967,0
Hungary,HUN,1968,0
Hungary,HUN,1969,0
Hungary,HUN,1970,0
Hungary,HUN,1971,0
Hungary,HUN,1972,0
Hungary,HUN,1973,0
Hungary,HUN,1974,0
Hungary,HUN,1975,0
Hungary,HUN,1976,0
Hungary,HUN,1977,0
Hungary,HUN,1978,0
Hungary,HUN,1979,0
Hungary,HUN,1980,0
Hungary,HUN,1981,0
Hungary,HUN,1982,0
Hungary,HUN,1983,2.2313573
Hungary,HUN,1984,3.3082075
Hungary,HUN,1985,5.515337
Hungary,HUN,1986,6.348452
Hungary,HUN,1987,8.99253
Hungary,HUN,1988,11.2652235
Hungary,HUN,1989,11.947651
Hungary,HUN,1990,12.052981
Hungary,HUN,1991,12.900819
Hungary,HUN,1992,13.679539
Hungary,HUN,1993,14.038937
Hungary,HUN,1994,14.057263
Hungary,HUN,1995,13.876886
Hungary,HUN,1996,13.7677145
Hungary,HUN,1997,13.897196
Hungary,HUN,1998,13.673104
Hungary,HUN,1999,13.823846
Hungary,HUN,2000,14.32893
Hungary,HUN,2001,13.844341
Hungary,HUN,2002,13.912171
Hungary,HUN,2003,10.77707
Hungary,HUN,2004,11.403448
Hungary,HUN,2005,12.3384495
Hungary,HUN,2006,12.167905
Hungary,HUN,2007,13.359987
Hungary,HUN,2008,13.595615
Hungary,HUN,2009,15.16007
Hungary,HUN,2010,15.109539
Hungary,HUN,2011,15.40885
Hungary,HUN,2012,16.54765
Hungary,HUN,2013,16.886189
Hungary,HUN,2014,17.073484
Hungary,HUN,2015,16.299694
Hungary,HUN,2016,16.141422
Hungary,HUN,2017,15.265671
Hungary,HUN,2018,14.728251
Hungary,HUN,2019,14.98767
Hungary,HUN,2020,14.967573
Hungary,HUN,2021,14.137927
Hungary,HUN,2022,14.8869095
Ireland,IRL,1979,0
Ireland,IRL,1980,0
Ireland,IRL,1981,0
Ireland,IRL,1982,0
Ireland,IRL,1983,0
Ireland,IRL,1984,0
Ireland,IRL,1985,0
Ireland,IRL,1986,0
Ireland,IRL,1987,0
Ireland,IRL,1988,0
Ireland,IRL,1989,0
Ireland,IRL,1990,0
Ireland,IRL,1991,0
Ireland,IRL,1992,0
Ireland,IRL,1993,0
Ireland,IRL,1994,0
Ireland,IRL,1995,0
Ireland,IRL,1996,0
Ireland,IRL,1997,0
Ireland,IRL,1998,0
Ireland,IRL,1999,0
Ireland,IRL,2000,0
Ireland,IRL,2001,0
Ireland,IRL,2002,0
Ireland,IRL,2003,0
Ireland,IRL,2004,0
Ireland,IRL,2005,0
Ireland,IRL,2006,0
Ireland,IRL,2007,0
Ireland,IRL,2008,0
Ireland,IRL,2009,0
Ireland,IRL,2010,0
Ireland,IRL,2011,0
Ireland,IRL,2012,0
Ireland,IRL,2013,0
Ireland,IRL,2014,0
Ireland,IRL,2015,0
Ireland,IRL,2016,0
Ireland,IRL,2017,0
Ireland,IRL,2018,0
Ireland,IRL,2019,0
Ireland,IRL,2020,0
Ireland,IRL,2021,0
Ireland,IRL,2022,0
Italy,ITA,1965,1.0727067
Italy,ITA,1966,1.0871043
Italy,ITA,1967,0.81905293
Italy,ITA,1968,0.61945224
Italy,ITA,1969,0.37512305
Italy,ITA,1970,0.6427354
Italy,ITA,1971,0.6467876
Italy,ITA,1972,0.66457486
Italy,ITA,1973,0.5517606
Italy,ITA,1974,0.5990049
Italy,ITA,1975,0.6818564
Italy,ITA,1976,0.64727455
Italy,ITA,1977,0.573652
Italy,ITA,1978,0.7324012
Italy,ITA,1979,0.4214977
Italy,ITA,1980,0.3634563
Italy,ITA,1981,0.45514545
Italy,ITA,1982,1.1671937
Italy,ITA,1983,1.0133353
Italy,ITA,1984,1.188286
Italy,ITA,1985,1.2177668
Italy,ITA,1986,1.4783376
Italy,ITA,1987,0.02852146
Italy,ITA,1988,0
Italy,ITA,1989,0
Italy,ITA,1990,0
Italy,ITA,1991,0
Italy,ITA,1992,0
Italy,ITA,1993,0
Italy,ITA,1994,0
Italy,ITA,1995,0
Italy,ITA,1996,0
Italy,ITA,1997,0
Italy,ITA,1998,0
Italy,ITA,1999,0
Italy,ITA,2000,0
Italy,ITA,2001,0
Italy,ITA,2002,0
Italy,ITA,2003,0
Italy,ITA,2004,0
Italy,ITA,2005,0
Italy,ITA,2006,0
Italy,ITA,2007,0
Italy,ITA,2008,0
Italy,ITA,2009,0
Italy,ITA,2010,0
Italy,ITA,2011,0
Italy,ITA,2012,0
Italy,ITA,2013,0
Italy,ITA,2014,0
Italy,ITA,2015,0
Italy,ITA,2016,0
Italy,ITA,2017,0
Italy,ITA,2018,0
Italy,ITA,2019,0
Italy,ITA,2020,0
Italy,ITA,2021,0
Italy,ITA,2022,0
Latvia,LVA,1985,0
Latvia,LVA,1986,0
Latvia,LVA,1987,0
Latvia,LVA,1988,0
Latvia,LVA,1989,0
Latvia,LVA,1990,0
Latvia,LVA,1991,0
Latvia,LVA,1992,0
Latvia,LVA,1993,0
Latvia,LVA,1994,0
Latvia,LVA,1995,0
Latvia,LVA,1996,0
Latvia,LVA,1997,0
Latvia,LVA,1998,0
Latvia,LVA,1999,0
Latvia,LVA,2000,0
Latvia,LVA,2001,0
Latvia,LVA,2002,0
Latvia,LVA,2003,0
Latvia,LVA,2004,0
Latvia,LVA,2005,0
Latvia,LVA,2006,0
Latvia,LVA,2007,0
Latvia,LVA,2008,0
Latvia,LVA,2009,0
Latvia,LVA,2010,0
Latvia,LVA,2011,0
Latvia,LVA,2012,0
Latvia,LVA,2013,0
Latvia,LVA,2014,0
Latvia,LVA,2015,0
Latvia,LVA,2016,0
Latvia,LVA,2017,0
Latvia,LVA,2018,0
Latvia,LVA,2019,0
Latvia,LVA,2020,0
Latvia,LVA,2021,0
Latvia,LVA,2022,0
Lithuania,LTU,1985,14.8863125
Lithuania,LTU,1986,16.817524
Lithuania,LTU,1987,14.918789
Lithuania,LTU,1988,19.830824
Lithuania,LTU,1989,23.795412
Lithuania,LTU,1990,23.937105
Lithuania,LTU,1991,22.598972
Lithuania,LTU,1992,31.763157
Lithuania,LTU,1993,34.016026
Lithuania,LTU,1994,24.77631
Lithuania,LTU,1995,34.008415
Lithuania,LTU,1996,36.850533
Lithuania,LTU,1997,34.46675
Lithuania,LTU,1998,36.22888
Lithuania,LTU,1999,31.865215
Lithuania,LTU,2000,30.61348
Lithuania,LTU,2001,35.095722
Lithuania,LTU,2002,40.667095
Lithuania,LTU,2003,42.190628
Lithuania,LTU,2004,40.59702
Lithuania,LTU,2005,30.268347
Lithuania,LTU,2006,26.358232
Lithuania,LTU,2007,27.195984
Lithuania,LTU,2008,27.466
Lithuania,LTU,2009,32.30297
Lithuania,LTU,2010,0
Lithuania,LTU,2011,0
Lithuania,LTU,2012,0
Lithuania,LTU,2013,0
Lithuania,LTU,2014,0
Lithuania,LTU,2015,0
Lithuania,LTU,2016,0
Lithuania,LTU,2017,0
Lithuania,LTU,2018,0
Lithuania,LTU,2019,0
Lithuania,LTU,2020,0
Lithuania,LTU,2021,0
Lithuania,LTU,2022,0
Luxembourg,LUX,1965,0
Luxembourg,LUX,1966,0
Luxembourg,LUX,1967,0
Luxembourg,LUX,1968,0
Luxembourg,LUX,1969,0
Luxembourg,LUX,1970,0
Luxembourg,LUX,1971,0
Luxembourg,LUX,1972,0
Luxembourg,LUX,1973,0
Luxembourg,LUX,1974,0
Luxembourg,LUX,1975,0
Luxembourg,LUX,1976,0
Luxembourg,LUX,1977,0
Luxembourg,LUX,1978,0
Luxembourg,LUX,1979,0
Luxembourg,LUX,1980,0
Luxembourg,LUX,1981,0
Luxembourg,LUX,1982,0
Luxembourg,LUX,1983,0
Luxembourg,LUX,1984,0
Luxembourg,LUX,1985,0
Luxembourg,LUX,1986,0
Luxembourg,LUX,1987,0
Luxembourg,LUX,1988,0
Luxembourg,LUX,1989,0
Luxembourg,LUX,1990,0
Luxembourg,LUX,1991,0
Luxembourg,LUX,1992,0
Luxembourg,LUX,1993,0
Luxembourg,LUX,1994,0
Luxembourg,LUX,1995,0
Luxembourg,LUX,1996,0
Luxembourg,LUX,1997,0
Luxembourg,LUX,1998,0
Luxembourg,LUX,1999,0
Luxembourg,LUX,2000,0
Luxembourg,LUX,2001,0
Luxembourg,LUX,2002,0
Luxembourg,LUX,2003,0
Luxembourg,LUX,2004,0
Luxembourg,LUX,2005,0
Luxembourg,LUX,2006,0
Luxembourg,LUX,2007,0
Luxembourg,LUX,2008,0
Luxembourg,LUX,2009,0
Luxembourg,LUX,2010,0
Luxembourg,LUX,2011,0
Luxembourg,LUX,2012,0
Luxembourg,LUX,2013,0
Luxembourg,LUX,2014,0
Luxembourg,LUX,2015,0
Luxembourg,LUX,2016,0
Luxembourg,LUX,2017,0
Luxembourg,LUX,2018,0
Luxembourg,LUX,2019,0
Luxembourg,LUX,2020,0
Luxembourg,LUX,2021,0
Luxembourg,LUX,2022,0
Netherlands,NLD,1965,0
Netherlands,NLD,1966,0
Netherlands,NLD,1967,0
Netherlands,NLD,1968,0.015150955
Netherlands,NLD,1969,0.152845
Netherlands,NLD,1970,0.15826146
Netherlands,NLD,1971,0.16516818
Netherlands,NLD,1972,0.11446433
Netherlands,NLD,1973,0.36571285
Netherlands,NLD,1974,1.1395861
Netherlands,NLD,1975,1.1500475
Netherlands,NLD,1976,1.224267
Netherlands,NLD,1977,1.1944866
Netherlands,NLD,1978,1.2812008
Netherlands,NLD,1979,1.065818
Netherlands,NLD,1980,1.3663871
Netherlands,NLD,1981,1.2549425
Netherlands,NLD,1982,1.4465681
Netherlands,NLD,1983,1.3259057
Netherlands,NLD,1984,1.3205954
Netherlands,NLD,1985,1.3445337
Netherlands,NLD,1986,1.3851789
Netherlands,NLD,1987,1.1447483
Netherlands,NLD,1988,1.1791291
Netherlands,NLD,1989,1.2835692
Netherlands,NLD,1990,1.0910945
Netherlands,NLD,1991,1.0178279
Netherlands,NLD,1992,1.1481586
Netherlands,NLD,1993,1.1829894
Netherlands,NLD,1994,1.2015709
Netherlands,NLD,1995,1.169393
Netherlands,NLD,1996,1.1605486
Netherlands,NLD,1997,0.6840599
Netherlands,NLD,1998,1.0744507
Netherlands,NLD,1999,1.0930634
Netherlands,NLD,2000,1.1045488
Netherlands,NLD,2001,1.0711067
Netherlands,NLD,2002,1.0478777
Netherlands,NLD,2003,1.0618274
Netherlands,NLD,2004,0.9707262
Netherlands,NLD,2005,0.987545
Netherlands,NLD,2006,0.8694293
Netherlands,NLD,2007,1.0290538
Netherlands,NLD,2008,1.0271938
Netherlands,NLD,2009,1.0548594
Netherlands,NLD,2010,0.9030546
Netherlands,NLD,2011,0.98300713
Netherlands,NLD,2012,0.940056
Netherlands,NLD,2013,0.7113152
Netherlands,NLD,2014,1.0465018
Netherlands,NLD,2015,1.0190763
Netherlands,NLD,2016,0.97482234
Netherlands,NLD,2017,0.82645136
Netherlands,NLD,2018,0.8698172
Netherlands,NLD,2019,0.9680476
Netherlands,NLD,2020,1.0419279
Netherlands,NLD,2021,0.9467236
Netherlands,NLD,2022,1.0576086
Poland,POL,1965,0
Poland,POL,1966,0
Poland,POL,1967,0
Poland,POL,1968,0
Poland,POL,1969,0
Poland,POL,1970,0
Poland,POL,1971,0
Poland,POL,1972,0
Poland,POL,1973,0
Poland,POL,1974,0
Poland,POL,1975,0
Poland,POL,1976,0
Poland,POL,1977,0
Poland,POL,1978,0
Poland,POL,1979,0
Poland,POL,1980,0
Poland,POL,1981,0
Poland,POL,1982,0
Poland,POL,1983,0
Poland,POL,1984,0
Poland,POL,1985,0
Poland,POL,1986,0
Poland,POL,1987,0
Poland,POL,1988,0
Poland,POL,1989,0
Poland,POL,1990,0
Poland,POL,1991,0
Poland,POL,1992,0
Poland,POL,1993,0
Poland,POL,1994,0
Poland,POL,1995,0
Poland,POL,1996,0
Poland,POL,1997,0
Poland,POL,1998,0
Poland,POL,1999,0
Poland,POL,2000,0
Poland,POL,2001,0
Poland,POL,2002,0
Poland,POL,2003,0
Poland,POL,2004,0
Poland,POL,2005,0
Poland,POL,2006,0
Poland,POL,2007,0
Poland,POL,2008,0
Poland,POL,2009,0
Poland,POL,2010,0
Poland,POL,2011,0
Poland,POL,2012,0
Poland,POL,2013,0
Poland,POL,2014,0
Poland,POL,2015,0
Poland,POL,2016,0
Poland,POL,2017,0
Poland,POL,2018,0
Poland,POL,2019,0
Poland,POL,2020,0
Poland,POL,2021,0
Poland,POL,2022,0
Portugal,PRT,1996,0
Portugal,PRT,1997,0
Portugal,PRT,1998,0
Portugal,PRT,1999,0
Portugal,PRT,2000,0
Portugal,PRT,2001,0
Portugal,PRT,2002,0
Portugal,PRT,2003,0
Portugal,PRT,2004,0
Portugal,PRT,2005,0
Portugal,PRT,2006,0
Portugal,PRT,2007,0
Portugal,PRT,2008,0
Portugal,PRT,2009,0
Portugal,PRT,2010,0
Portugal,PRT,2011,0
Portugal,PRT,2012,0
Portugal,PRT,2013,0
Portugal,PRT,2014,0
Portugal,PRT,2015,0
Portugal,PRT,2016,0
Portugal,PRT,2017,0
Portugal,PRT,2018,0
Portugal,PRT,2019,0
Portugal,PRT,2020,0
Portugal,PRT,2021,0
Portugal,PRT,2022,0
Romania,ROU,1965,0
Romania,ROU,1966,0
Romania,ROU,1967,0
Romania,ROU,1968,0
Romania,ROU,1969,0
Romania,ROU,1970,0
Romania,ROU,1971,0
Romania,ROU,1972,0
Romania,ROU,1973,0
Romania,ROU,1974,0
Romania,ROU,1975,0
Romania,ROU,1976,0
Romania,ROU,1977,0
Romania,ROU,1978,0
Romania,ROU,1979,0
Romania,ROU,1980,0
Romania,ROU,1981,0
Romania,ROU,1982,0
Romania,ROU,1983,0
Romania,ROU,1984,0
Romania,ROU,1985,0
Romania,ROU,1986,0
Romania,ROU,1987,0
Romania,ROU,1988,0
Romania,ROU,1989,0
Romania,ROU,1990,0
Romania,ROU,1991,0
Romania,ROU,1992,0
Romania,ROU,1993,0
Romania,ROU,1994,0
Romania,ROU,1995,0
Romania,ROU,1996,0.7132363
Romania,ROU,1997,2.9279268
Romania,ROU,1998,3.1447935
Romania,ROU,1999,3.501999
Romania,ROU,2000,3.6831565
Romania,ROU,2001,3.6115217
Romania,ROU,2002,3.4990106
Romania,ROU,2003,3.0942345
Romania,ROU,2004,3.354609
Romania,ROU,2005,3.3305094
Romania,ROU,2006,3.288513
Romania,ROU,2007,4.6360283
Romania,ROU,2008,6.690535
Romania,ROU,2009,7.9669795
Romania,ROU,2010,7.759974
Romania,ROU,2011,7.609248
Romania,ROU,2012,7.6774397
Romania,ROU,2013,8.288028
Romania,ROU,2014,7.9768248
Romania,ROU,2015,7.864704
Romania,ROU,2016,7.578304
Romania,ROU,2017,7.5556526
Romania,ROU,2018,7.2862515
Romania,ROU,2019,7.3662086
Romania,ROU,2020,7.8230233
Romania,ROU,2021,7.316401
Romania,ROU,2022,7.691569
Slovakia,SVK,1965,0
Slovakia,SVK,1966,0
Slovakia,SVK,1967,0
Slovakia,SVK,1968,0
Slovakia,SVK,1969,0
Slovakia,SVK,1970,0
Slovakia,SVK,1971,0
Slovakia,SVK,1972,0.005328137
Slovakia,SVK,1973,0.39605275
Slovakia,SVK,1974,0.7882977
Slovakia,SVK,1975,0.28981826
Slovakia,SVK,1976,0.6603119
Slovakia,SVK,1977,0.16203023
Slovakia,SVK,1978,0.025740106
Slovakia,SVK,1979,2.8270974
Slovakia,SVK,1980,5.8589435
Slovakia,SVK,1981,6.701386
Slovakia,SVK,1982,7.7068396
Slovakia,SVK,1983,8.092545
Slovakia,SVK,1984,8.842447
Slovakia,SVK,1985,11.107722
Slovakia,SVK,1986,13.992104
Slovakia,SVK,1987,13.446116
Slovakia,SVK,1988,13.333938
Slovakia,SVK,1989,13.927737
Slovakia,SVK,1990,13.751486
Slovakia,SVK,1991,14.927742
Slovakia,SVK,1992,14.66932
Slovakia,SVK,1993,15.52162
Slovakia,SVK,1994,17.27806
Slovakia,SVK,1995,15.472117
Slovakia,SVK,1996,15.113087
Slovakia,SVK,1997,15.155119
Slovakia,SVK,1998,15.43075
Slovakia,SVK,1999,17.615171
Slovakia,SVK,2000,21.444477
Slovakia,SVK,2001,21.471
Slovakia,SVK,2002,22.207878
Slovakia,SVK,2003,22.609558
Slovakia,SVK,2004,21.893602
Slovakia,SVK,2005,21.527105
Slovakia,SVK,2006,22.336725
Slovakia,SVK,2007,20.136044
Slovakia,SVK,2008,21.22439
Slovakia,SVK,2009,19.621338
Slovakia,SVK,2010,18.889008
Slovakia,SVK,2011,20.636158
Slovakia,SVK,2012,21.469774
Slovakia,SVK,2013,21.128086
Slovakia,SVK,2014,22.245934
Slovakia,SVK,2015,21.38903
Slovakia,SVK,2016,20.54335
Slovakia,SVK,2017,19.791552
Slovakia,SVK,2018,19.699265
Slovakia,SVK,2019,20.911854
Slovakia,SVK,2020,21.488762
Slovakia,SVK,2021,20.231863
Slovakia,SVK,2022,20.794628
Slovenia,SVN,1990,18.92552
Slovenia,SVN,1991,20.244179
Slovenia,SVN,1992,17.366781
Slovenia,SVN,1993,16.839998
Slovenia,SVN,1994,18.432909
Slovenia,SVN,1995,18.202562
Slovenia,SVN,1996,16.56222
Slovenia,SVN,1997,17.816957
Slovenia,SVN,1998,17.767235
Slovenia,SVN,1999,16.797413
Slovenia,SVN,2000,17.1818
Slovenia,SVN,2001,18.030586
Slovenia,SVN,2002,18.934015
Slovenia,SVN,2003,18.065422
Slovenia,SVN,2004,17.72165
Slovenia,SVN,2005,18.978949
Slovenia,SVN,2006,17.62388
Slovenia,SVN,2007,18.080233
Slovenia,SVN,2008,18.063744
Slovenia,SVN,2009,17.778656
Slovenia,SVN,2010,17.386364
Slovenia,SVN,2011,19.554651
Slovenia,SVN,2012,17.790213
Slovenia,SVN,2013,17.137259
Slovenia,SVN,2014,19.958302
Slovenia,SVN,2015,19.505402
Slovenia,SVN,2016,18.356403
Slovenia,SVN,2017,19.855682
Slovenia,SVN,2018,17.78048
Slovenia,SVN,2019,18.384806
Slovenia,SVN,2020,20.688902
Slovenia,SVN,2021,18.686762
Slovenia,SVN,2022,19.236103
Spain,ESP,1969,0.47985727
Spain,ESP,1970,0.49531427
Spain,ESP,1971,1.2296534
Spain,ESP,1972,2.1413338
Spain,ESP,1973,2.694503
Spain,ESP,1974,2.8570254
Spain,ESP,1975,2.9051807
Spain,ESP,1976,2.7228394
Spain,ESP,1977,2.2678983
Spain,ESP,1978,2.648045
Spain,ESP,1979,2.1536462
Spain,ESP,1980,1.6589721
Spain,ESP,1981,3.0361009
Spain,ESP,1982,2.784498
Spain,ESP,1983,3.306188
Spain,ESP,1984,7.0468955
Spain,ESP,1985,8.6280775
Spain,ESP,1986,11.286877
Spain,ESP,1987,11.99423
Spain,ESP,1988,14.041977
Spain,ESP,1989,14.90642
Spain,ESP,1990,14.408013
Spain,ESP,1991,14.252214
Spain,ESP,1992,13.655286
Spain,ESP,1993,14.183763
Spain,ESP,1994,13.361077
Spain,ESP,1995,12.904143
Spain,ESP,1996,12.619708
Spain,ESP,1997,11.740767
Spain,ESP,1998,11.949149
Spain,ESP,1999,11.567016
Spain,ESP,2000,11.554475
Spain,ESP,2001,11.239991
Spain,ESP,2002,10.928387
Spain,ESP,2003,10.088344
Spain,ESP,2004,9.940751
Spain,ESP,2005,8.874867
Spain,ESP,2006,9.084239
Spain,ESP,2007,8.09578
Spain,ESP,2008,8.855138
Spain,ESP,2009,8.493105
Spain,ESP,2010,9.597341
Spain,ESP,2011,9.10959
Spain,ESP,2012,9.694557
Spain,ESP,2013,9.361493
Spain,ESP,2014,9.57682
Spain,ESP,2015,9.402487
Spain,ESP,2016,9.470892
Spain,ESP,2017,9.22849
Spain,ESP,2018,8.648346
Spain,ESP,2019,9.263023
Spain,ESP,2020,10.207034
Spain,ESP,2021,9.20519
Spain,ESP,2022,9.169866
Sweden,SWE,1985,24.025667
Sweden,SWE,1986,27.686563
Sweden,SWE,1987,27.24231
Sweden,SWE,1988,28.718945
Sweden,SWE,1989,27.749289
Sweden,SWE,1990,28.355947
Sweden,SWE,1991,33.659843
Sweden,SWE,1992,27.655888
Sweden,SWE,1993,27.010965
Sweden,SWE,1994,32.181168
Sweden,SWE,1995,30.415462
Sweden,SWE,1996,33.24226
Sweden,SWE,1997,30.230713
Sweden,SWE,1998,29.393608
Sweden,SWE,1999,30.111715
Sweden,SWE,2000,25.432783
Sweden,SWE,2001,29.637712
Sweden,SWE,2002,29.71478
Sweden,SWE,2003,30.497126
Sweden,SWE,2004,32.412304
Sweden,SWE,2005,29.373363
Sweden,SWE,2006,28.585743
Sweden,SWE,2007,27.978233
Sweden,SWE,2008,26.908653
Sweden,SWE,2009,23.829
Sweden,SWE,2010,24.64993
Sweden,SWE,2011,26.042894
Sweden,SWE,2012,25.824463
Sweden,SWE,2013,28.432932
Sweden,SWE,2014,27.718548
Sweden,SWE,2015,23.144373
Sweden,SWE,2016,26.233173
Sweden,SWE,2017,26.30203
Sweden,SWE,2018,27.852222
Sweden,SWE,2019,25.742685
Sweden,SWE,2020,20.13211
Sweden,SWE,2021,21.11071
Sweden,SWE,2022,20.397484
